{
  "train_loss": [
    18.081587796920807,
    2.8014407647488424,
    2.086895784106038,
    1.9662428606863918,
    1.9297895066037551,
    1.8674271867211472,
    1.7834727095222371,
    1.742071066868196,
    1.6879828959687397,
    1.6739863130524608,
    1.5948801331664733,
    1.5917418698951258,
    1.5511841524056014,
    1.5195586781509474,
    1.4985046583582053,
    1.4472940167326234,
    1.416304497461177,
    1.4219986480755857,
    1.3886773824221013,
    1.3659638847103883,
    1.3413497732948558,
    1.3238884643471833,
    1.3039632864260327,
    1.2880644134507104,
    1.2982475407952532,
    1.2301759300444204,
    1.2063445053329975,
    1.1849158406792584,
    1.1440450228259884,
    1.161804910563969,
    1.1346473007393876,
    1.1363906039731162,
    1.1217393177541235,
    1.0688323919188076,
    1.0702902673070125,
    1.0363097023095162,
    1.0330687245931474,
    1.0420177725824629,
    1.019230412700792,
    0.9705699988443748,
    0.9898875120447475,
    0.9538396139629353,
    0.9430344481374905,
    0.9327023013706718,
    0.9253529584979138,
    0.8971653297888571,
    0.8937279488192579,
    0.8830903759766173,
    0.8890565355383415,
    0.8726127564939171,
    0.8494764275192209,
    0.8414597309292636
  ],
  "val_loss": [
    5.697365789702444,
    1.9191620827523947,
    1.8394120871418653,
    1.976106290865426,
    1.8104426660120287,
    1.8081815435428812,
    1.7108577501894249,
    1.704949894336739,
    1.6716970919759988,
    1.711748515716707,
    1.7057404947601986,
    1.6488233098277338,
    1.6155318876709601,
    1.6025110057708791,
    1.5813568778310962,
    1.597179852752172,
    1.5818500486688583,
    1.5785976162663213,
    1.6241853887384587,
    1.6141603843933003,
    1.5806394389984182,
    1.596513766230959,
    1.5927317953270292,
    1.5737437776443532,
    1.5604807363214717,
    1.5747725570242013,
    1.6563503228454075,
    1.682628217369619,
    1.6304292450047502,
    1.573691224409675,
    1.6144847388219352,
    1.5308646842686817,
    1.6155144437796338,
    1.618964635964596,
    1.573303810273758,
    1.6624840526067046,
    1.563763758951566,
    1.627635971464292,
    1.5449144165925306,
    1.57022789672569,
    1.6032787428961859,
    1.632444360440829,
    1.5927122265401512,
    1.6139668639661486,
    1.7045414845148723,
    1.5776546186068243,
    1.5821841686261624,
    1.6363202309367633,
    1.669694144316394,
    1.6191494260171446,
    1.5770770957574298,
    1.6134206582400132
  ],
  "val_r2": [
    -1.3053576946258545,
    0.22343844175338745,
    0.25570809841156006,
    0.2003968358039856,
    0.26743024587631226,
    0.2683451771736145,
    0.30772584676742554,
    0.31011635065078735,
    0.3235716223716736,
    0.30736541748046875,
    0.30979645252227783,
    0.33282721042633057,
    0.34629809856414795,
    0.35156679153442383,
    0.3601266145706177,
    0.35372394323349,
    0.3599269390106201,
    0.3612430691719055,
    0.34279656410217285,
    0.34685295820236206,
    0.36041682958602905,
    0.3539934754371643,
    0.35552388429641724,
    0.36320704221725464,
    0.36857372522354126,
    0.3627907633781433,
    0.32978153228759766,
    0.31914854049682617,
    0.34027010202407837,
    0.36322838068008423,
    0.3467218279838562,
    0.38055747747421265,
    0.3463051915168762,
    0.34490907192230225,
    0.36338508129119873,
    0.3272995948791504,
    0.36724531650543213,
    0.3414003252983093,
    0.37487244606018066,
    0.36462968587875366,
    0.3512561321258545,
    0.3394547700881958,
    0.3555317521095276,
    0.3469312787055969,
    0.3102816939353943,
    0.3616245985031128,
    0.35979175567626953,
    0.33788639307022095,
    0.32438212633132935,
    0.34483426809310913,
    0.3618582487106323,
    0.3471524119377136
  ],
  "val_pearson": [
    0.05035214126110077,
    0.47544631361961365,
    0.5060922503471375,
    0.5066940188407898,
    0.519067645072937,
    0.5283769965171814,
    0.5655848979949951,
    0.5604640245437622,
    0.5832204818725586,
    0.5819900631904602,
    0.5642447471618652,
    0.5796939730644226,
    0.5893185138702393,
    0.6058070659637451,
    0.6076928973197937,
    0.6102113723754883,
    0.6066126823425293,
    0.6147210001945496,
    0.6081539988517761,
    0.6099569797515869,
    0.6182399988174438,
    0.6106135845184326,
    0.6192125082015991,
    0.6104546785354614,
    0.6184377670288086,
    0.6326798796653748,
    0.6308401823043823,
    0.6154530644416809,
    0.6195185780525208,
    0.6238564848899841,
    0.603223979473114,
    0.631371796131134,
    0.6305084824562073,
    0.6244391202926636,
    0.6277812123298645,
    0.6171659231185913,
    0.6365625262260437,
    0.62863689661026,
    0.6349329352378845,
    0.6257103681564331,
    0.6282060146331787,
    0.6425173878669739,
    0.6290731430053711,
    0.6340976357460022,
    0.6112556457519531,
    0.6368408799171448,
    0.6370609402656555,
    0.6382447481155396,
    0.6408981084823608,
    0.6390371918678284,
    0.644949734210968,
    0.6380608081817627
  ],
  "lr": [
    2e-05,
    4e-05,
    6e-05,
    8e-05,
    0.0001,
    0.0001,
    9.997266286704631e-05,
    9.989068136093873e-05,
    9.975414512725057e-05,
    9.956320346634876e-05,
    9.931806517013612e-05,
    9.901899829374047e-05,
    9.86663298624003e-05,
    9.826044551386744e-05,
    9.780178907671789e-05,
    9.729086208503174e-05,
    9.672822322997305e-05,
    9.611448774886924e-05,
    9.545032675245813e-05,
    9.473646649103818e-05,
    9.397368756032445e-05,
    9.31628240478787e-05,
    9.230476262104677e-05,
    9.140044155740101e-05,
    9.045084971874738e-05,
    8.945702546981969e-05,
    8.842005554284296e-05,
    8.73410738492077e-05,
    8.622126023955446e-05,
    8.506183921362443e-05,
    8.386407858128706e-05,
    8.262928807620843e-05,
    8.135881792367686e-05,
    8.005405736415126e-05,
    7.871643313414718e-05,
    7.734740790612136e-05,
    7.594847868906076e-05,
    7.45211751915254e-05,
    7.30670581489344e-05,
    7.158771761692464e-05,
    7.008477123264848e-05,
    6.855986244591104e-05,
    6.701465872208215e-05,
    6.545084971874738e-05,
    6.387014543809224e-05,
    6.227427435703997e-05,
    6.066498153718736e-05,
    5.9044026716605496e-05,
    5.74131823855921e-05,
    5.577423184847932e-05,
    5.4128967273616625e-05,
    5.2479187733661126e-05
  ]
}