{
  "train_loss": [
    22.29946339008432,
    3.839189209387688,
    2.1748531195103555,
    2.0182781243876353,
    1.9575203252510587,
    1.883679730612721,
    1.8425400802764318,
    1.7722939435807876,
    1.704945182398007,
    1.6582790536782916,
    1.63621320221202,
    1.5829443967956505,
    1.5688583790731696,
    1.5443527627474871,
    1.5130322558557596,
    1.4914657390860162,
    1.457271356425151,
    1.436890323207871,
    1.407333713484247,
    1.3905381075014782,
    1.3639499751322361,
    1.3463328800088434,
    1.3267184349348335,
    1.305299760195024,
    1.263526795946531,
    1.2622072952180121,
    1.2324730820553966,
    1.2184303599229045,
    1.212894173033082,
    1.1794127336932436,
    1.1645716197870295,
    1.1693882296937432,
    1.1506993025942522,
    1.0939759841792953,
    1.1096281830272905,
    1.067254219464309,
    1.0548479527935821,
    1.0272185970863434,
    1.0301513933360822,
    1.0276091421470033,
    1.0092020729161149,
    0.9849328840042098,
    0.9781959346585675
  ],
  "val_loss": [
    9.743967971416435,
    1.9754633269326052,
    1.864534034271433,
    1.7834745374592869,
    1.764924756204239,
    1.76932762327419,
    1.7646979462819468,
    1.746269242129342,
    1.6610172730102282,
    1.6644475415900901,
    1.6813961672863174,
    1.5890454728193957,
    1.685506770105073,
    1.5645262231730452,
    1.746384605815515,
    1.6089276926284688,
    1.573823018908902,
    1.6073926478523999,
    1.6011728646377923,
    1.648836531623044,
    1.6391538983643656,
    1.5637548483582058,
    1.5628760222232703,
    1.6307391100861006,
    1.600657526491467,
    1.6097173417858806,
    1.5693278529427268,
    1.629059252112803,
    1.7173932369309242,
    1.5657182189350578,
    1.6525346967909071,
    1.6649134159088135,
    1.7171604577138369,
    1.6265589793523152,
    1.5997564764536591,
    1.6226924854496914,
    1.598734276061909,
    1.7073176737987634,
    1.6189713602515583,
    1.5728988948494498,
    1.5974198250658183,
    1.6307805286914812,
    1.6485079482749656
  ],
  "val_r2": [
    -2.9427576065063477,
    0.2006569504737854,
    0.24554294347763062,
    0.2783425450325012,
    0.28584837913513184,
    0.2840668559074402,
    0.2859402298927307,
    0.2933970093727112,
    0.32789307832717896,
    0.32650500535964966,
    0.31964707374572754,
    0.3570154309272766,
    0.3179837465286255,
    0.3669368028640747,
    0.2933504581451416,
    0.3489704132080078,
    0.36317503452301025,
    0.34959155321121216,
    0.3521082401275635,
    0.3328218460083008,
    0.33673983812332153,
    0.3672488331794739,
    0.36760449409484863,
    0.3401447534561157,
    0.35231679677963257,
    0.34865087270736694,
    0.3649938702583313,
    0.3408244252204895,
    0.3050813674926758,
    0.36645448207855225,
    0.3313254714012146,
    0.3263165354728699,
    0.3051755428314209,
    0.3418360948562622,
    0.3526814579963684,
    0.34340065717697144,
    0.35309505462646484,
    0.3091583251953125,
    0.3449063301086426,
    0.3635488748550415,
    0.35362690687179565,
    0.3401278853416443,
    0.3329547643661499
  ],
  "val_pearson": [
    0.03967568650841713,
    0.4645068645477295,
    0.4988352060317993,
    0.5285896062850952,
    0.5383508801460266,
    0.5400466322898865,
    0.5508518218994141,
    0.5610933899879456,
    0.574184000492096,
    0.5858277082443237,
    0.5877270698547363,
    0.5991690754890442,
    0.5900403261184692,
    0.6064794659614563,
    0.5855311155319214,
    0.6028808355331421,
    0.6046795845031738,
    0.6093080639839172,
    0.6056666374206543,
    0.5845071077346802,
    0.5997596383094788,
    0.6134114861488342,
    0.618109405040741,
    0.6046366095542908,
    0.6144585609436035,
    0.6112565994262695,
    0.615120530128479,
    0.6190351247787476,
    0.6140725016593933,
    0.6329509019851685,
    0.6219470500946045,
    0.6202169060707092,
    0.6077554821968079,
    0.6214918494224548,
    0.6267269849777222,
    0.6243711113929749,
    0.640388548374176,
    0.6255999207496643,
    0.6372105479240417,
    0.6351468563079834,
    0.6371318697929382,
    0.6256690621376038,
    0.6215577125549316
  ],
  "lr": [
    2e-05,
    4e-05,
    6e-05,
    8e-05,
    0.0001,
    0.0001,
    9.997266286704631e-05,
    9.989068136093873e-05,
    9.975414512725057e-05,
    9.956320346634876e-05,
    9.931806517013612e-05,
    9.901899829374047e-05,
    9.86663298624003e-05,
    9.826044551386744e-05,
    9.780178907671789e-05,
    9.729086208503174e-05,
    9.672822322997305e-05,
    9.611448774886924e-05,
    9.545032675245813e-05,
    9.473646649103818e-05,
    9.397368756032445e-05,
    9.31628240478787e-05,
    9.230476262104677e-05,
    9.140044155740101e-05,
    9.045084971874738e-05,
    8.945702546981969e-05,
    8.842005554284296e-05,
    8.73410738492077e-05,
    8.622126023955446e-05,
    8.506183921362443e-05,
    8.386407858128706e-05,
    8.262928807620843e-05,
    8.135881792367686e-05,
    8.005405736415126e-05,
    7.871643313414718e-05,
    7.734740790612136e-05,
    7.594847868906076e-05,
    7.45211751915254e-05,
    7.30670581489344e-05,
    7.158771761692464e-05,
    7.008477123264848e-05,
    6.855986244591104e-05,
    6.701465872208215e-05
  ]
}