{
  "train_loss": [
    18.172909786662256,
    3.0616264180635513,
    2.107403997501037,
    1.9966659316937856,
    1.9198215978831625,
    1.8528100423122988,
    1.7968402771649337,
    1.7516970392660958,
    1.723659924193187,
    1.6666504857228146,
    1.622856617187859,
    1.6107022918077372,
    1.540614379348885,
    1.5264371105636436,
    1.5086549073484465,
    1.471710535337715,
    1.445804569413516,
    1.408214881933264,
    1.3956085443710686,
    1.368718819737199,
    1.348752432292335,
    1.3347040140833168,
    1.2943125645875972,
    1.2709995596996437,
    1.2585253430063346,
    1.2323065435751575,
    1.2333279959583299,
    1.201963697381089,
    1.1807855326789989,
    1.154214406779544,
    1.1563708567144284,
    1.11182425390602,
    1.103483394539949,
    1.1043974550809024,
    1.0740804728090474,
    1.0591715307482652,
    1.0335810008157713,
    1.0385431761032073,
    1.0316847577982629,
    1.0281323733310086,
    0.9730779829155369,
    0.9815389219423403,
    0.9647473415038548,
    0.9673600168164811,
    0.9353184887888273,
    0.923757947982695,
    0.9184277084181455,
    0.9122654175206288,
    0.9102034719643827,
    0.8827538437227911,
    0.8728236649242258,
    0.8635229422446535,
    0.8423323033635309,
    0.8132007793942809,
    0.8159543218379003,
    0.8140540792321072,
    0.7894240605983074,
    0.7919474202765744,
    0.7813493906328225,
    0.7647659150772218
  ],
  "val_loss": [
    6.362402395768599,
    1.9688915267135159,
    1.8642752419417152,
    1.8141253403942994,
    1.7270901680795432,
    1.716809387961622,
    1.7799902014459423,
    1.7275815929226603,
    1.656012405048717,
    1.6834275228808624,
    1.713230479847301,
    1.660954065997191,
    1.6003062949838862,
    1.6484622586054434,
    1.611292465166612,
    1.5690114474055743,
    1.5616367954999109,
    1.5999222767072092,
    1.713743310183387,
    1.6135879983805648,
    1.5717836124728424,
    1.6802522630402537,
    1.5783800825928196,
    1.5760451567293419,
    1.7091669642965401,
    1.7259965384448017,
    1.6115380706209126,
    1.6165570919762557,
    1.6720705991642242,
    1.6318997979565502,
    1.5510004540083786,
    1.6038766918760357,
    1.5799909015295883,
    1.5951887834754457,
    1.6155750574889007,
    1.6134154908986205,
    1.684314661154442,
    1.628482187637175,
    1.6134626897497208,
    1.4966387271078347,
    1.5711833338946204,
    1.5533219178517659,
    1.6165271824859209,
    1.5641855976798318,
    1.6652701109748096,
    1.5729104553408895,
    1.5945856840120822,
    1.6292029751671686,
    1.6052637746438434,
    1.6543117083282985,
    1.542969180277301,
    1.5700149861249058,
    1.6136515598104457,
    1.568297929635353,
    1.608150293128659,
    1.599892835825782,
    1.6025052720850164,
    1.5997020796894625,
    1.6047827992776427,
    1.6847585234979185
  ],
  "val_r2": [
    -1.5744552612304688,
    0.20331615209579468,
    0.2456476092338562,
    0.2659400701522827,
    0.3011576533317566,
    0.30531764030456543,
    0.27975237369537354,
    0.3009587526321411,
    0.3299182057380676,
    0.3188251256942749,
    0.3067657947540283,
    0.3279186487197876,
    0.3524588942527771,
    0.33297330141067505,
    0.34801357984542847,
    0.3651219606399536,
    0.36810600757598877,
    0.35261428356170654,
    0.3065583109855652,
    0.347084641456604,
    0.364000141620636,
    0.32010984420776367,
    0.361331045627594,
    0.3622758388519287,
    0.30841004848480225,
    0.3016001582145691,
    0.3479141592979431,
    0.34588325023651123,
    0.3234204649925232,
    0.33967500925064087,
    0.3724098205566406,
    0.3510141968727112,
    0.3606792092323303,
    0.35452955961227417,
    0.346280574798584,
    0.347154438495636,
    0.31846606731414795,
    0.3410578966140747,
    0.34713536500930786,
    0.3944064974784851,
    0.3642430901527405,
    0.37147045135498047,
    0.34589534997940063,
    0.3670746684074402,
    0.32617223262786865,
    0.363544225692749,
    0.35477370023727417,
    0.3407663106918335,
    0.35045289993286133,
    0.3306063413619995,
    0.3756595849990845,
    0.3647158741950989,
    0.3470589518547058,
    0.3654106855392456,
    0.3492850065231323,
    0.3526262640953064,
    0.35156911611557007,
    0.35270339250564575,
    0.35064756870269775,
    0.3182865381240845
  ],
  "val_pearson": [
    0.09263412654399872,
    0.4581071734428406,
    0.5120425820350647,
    0.5186681151390076,
    0.5488311648368835,
    0.5536040663719177,
    0.5329779982566833,
    0.5604198575019836,
    0.5866348743438721,
    0.5918163061141968,
    0.5809240937232971,
    0.5770111083984375,
    0.6024067401885986,
    0.5965288877487183,
    0.5932854413986206,
    0.604799747467041,
    0.6158257722854614,
    0.6153221726417542,
    0.5989293456077576,
    0.6167224645614624,
    0.6144407987594604,
    0.6085217595100403,
    0.6147281527519226,
    0.6279115676879883,
    0.6169177889823914,
    0.6212916970252991,
    0.6204004287719727,
    0.6186186075210571,
    0.6098246574401855,
    0.6146486401557922,
    0.6293310523033142,
    0.6257872581481934,
    0.632194459438324,
    0.6330365538597107,
    0.6179685592651367,
    0.618912935256958,
    0.6220732927322388,
    0.6317850351333618,
    0.6249113082885742,
    0.6377824544906616,
    0.634915292263031,
    0.6372709274291992,
    0.635667085647583,
    0.6396301984786987,
    0.6443753242492676,
    0.6416206359863281,
    0.6308386921882629,
    0.6338886022567749,
    0.6366226077079773,
    0.6300085783004761,
    0.6385365724563599,
    0.6447993516921997,
    0.6346514225006104,
    0.6526480317115784,
    0.6419904232025146,
    0.6495351195335388,
    0.6298409104347229,
    0.645180344581604,
    0.642456591129303,
    0.6381610631942749
  ],
  "lr": [
    2e-05,
    4e-05,
    6e-05,
    8e-05,
    0.0001,
    0.0001,
    9.997266286704631e-05,
    9.989068136093873e-05,
    9.975414512725057e-05,
    9.956320346634876e-05,
    9.931806517013612e-05,
    9.901899829374047e-05,
    9.86663298624003e-05,
    9.826044551386744e-05,
    9.780178907671789e-05,
    9.729086208503174e-05,
    9.672822322997305e-05,
    9.611448774886924e-05,
    9.545032675245813e-05,
    9.473646649103818e-05,
    9.397368756032445e-05,
    9.31628240478787e-05,
    9.230476262104677e-05,
    9.140044155740101e-05,
    9.045084971874738e-05,
    8.945702546981969e-05,
    8.842005554284296e-05,
    8.73410738492077e-05,
    8.622126023955446e-05,
    8.506183921362443e-05,
    8.386407858128706e-05,
    8.262928807620843e-05,
    8.135881792367686e-05,
    8.005405736415126e-05,
    7.871643313414718e-05,
    7.734740790612136e-05,
    7.594847868906076e-05,
    7.45211751915254e-05,
    7.30670581489344e-05,
    7.158771761692464e-05,
    7.008477123264848e-05,
    6.855986244591104e-05,
    6.701465872208215e-05,
    6.545084971874738e-05,
    6.387014543809224e-05,
    6.227427435703997e-05,
    6.066498153718736e-05,
    5.9044026716605496e-05,
    5.74131823855921e-05,
    5.577423184847932e-05,
    5.4128967273616625e-05,
    5.2479187733661126e-05,
    5.082669723831792e-05,
    4.917330276168208e-05,
    4.752081226633889e-05,
    4.5871032726383386e-05,
    4.422576815152071e-05,
    4.2586817614407895e-05,
    4.095597328339451e-05,
    3.933501846281267e-05
  ]
}