{
  "train_loss": [
    18.31870819160956,
    2.995267161259936,
    2.0894739978340406,
    1.969407574832172,
    1.9076949077884207,
    1.8616549749281093,
    1.786546552744016,
    1.7179307698818325,
    1.655674718746996,
    1.6456113757789295,
    1.6095435610580993,
    1.5577028545779528,
    1.5486542291817555,
    1.5114097186081543,
    1.5040711641226052,
    1.4392700064569588,
    1.4365894574490767,
    1.4267845109300368,
    1.3811918861068702,
    1.3595077454712121,
    1.3532590055953577,
    1.304947204081423,
    1.3062668553675725,
    1.2880238827630233,
    1.2413959774074852,
    1.2236995429330189,
    1.2342273229928702,
    1.202057059032445,
    1.1736199218138526,
    1.1472740157077224,
    1.136697430560157,
    1.1261148591419028,
    1.0960705797712071,
    1.093435095662254,
    1.0769765288028228,
    1.0603310342666128,
    1.0308294597765078,
    1.0442965302213136,
    1.005340105593686,
    1.0077600913081173,
    0.9922862653350556,
    0.9933403808495832,
    0.9439253754000372,
    0.9451190059263346
  ],
  "val_loss": [
    6.24384679858532,
    1.939255572730042,
    1.8564066465454871,
    1.8507106593160918,
    1.757458816875111,
    1.7021686460835364,
    1.753476827634304,
    1.740037450686047,
    1.655690068347687,
    1.6390819172265152,
    1.6510615469229342,
    1.6871186619254475,
    1.6229702840349087,
    1.6520153649326927,
    1.664977566561715,
    1.5987951402310971,
    1.6250362962183327,
    1.7397954199049208,
    1.6462528111557366,
    1.6369919584255026,
    1.638031572605223,
    1.6226348740484577,
    1.571787741047766,
    1.510467113469185,
    1.5848732604723588,
    1.5435648237414632,
    1.717264423466692,
    1.594857364792615,
    1.5605693907047362,
    1.6767718727741177,
    1.6074381464659566,
    1.6717163248094244,
    1.6704359849294026,
    1.6217917272137472,
    1.608323937714702,
    1.6195863645887536,
    1.6690952793917673,
    1.581361629344799,
    1.6765046496985336,
    1.7187230835860023,
    1.6238445348611183,
    1.6106030009812378,
    1.5688639770854602,
    1.5947449994006944
  ],
  "val_r2": [
    -1.5264835357666016,
    0.21530801057815552,
    0.2488316297531128,
    0.2511363625526428,
    0.28886938095092773,
    0.3112417459487915,
    0.29048067331314087,
    0.29591870307922363,
    0.33004868030548096,
    0.3367689251899719,
    0.3319215774536133,
    0.3173314929008484,
    0.3432881832122803,
    0.3315355181694031,
    0.32629066705703735,
    0.35307037830352783,
    0.34245234727859497,
    0.2960166335105896,
    0.33386731147766113,
    0.33761459589004517,
    0.33719390630722046,
    0.3434239625930786,
    0.36399853229522705,
    0.38881105184555054,
    0.35870361328125,
    0.37541860342025757,
    0.3051334023475647,
    0.3546637296676636,
    0.3685378432273865,
    0.3215181827545166,
    0.34957313537597656,
    0.3235638737678528,
    0.32408201694488525,
    0.34376513957977295,
    0.34921467304229736,
    0.3446574807167053,
    0.3246244192123413,
    0.3601245880126953,
    0.32162636518478394,
    0.30454325675964355,
    0.3429344892501831,
    0.3482924699783325,
    0.365181565284729,
    0.3547091484069824
  ],
  "val_pearson": [
    0.09258542954921722,
    0.4719655513763428,
    0.4999665915966034,
    0.5236679315567017,
    0.5402302742004395,
    0.563706636428833,
    0.5498923659324646,
    0.5586677193641663,
    0.5784889459609985,
    0.5825977921485901,
    0.5923465490341187,
    0.5741303563117981,
    0.5937173366546631,
    0.5946229100227356,
    0.5967768430709839,
    0.6010408997535706,
    0.5981128215789795,
    0.5814340710639954,
    0.5978007912635803,
    0.604759156703949,
    0.6050996780395508,
    0.6173941493034363,
    0.6126358509063721,
    0.631229043006897,
    0.6204217076301575,
    0.6298499703407288,
    0.5947626829147339,
    0.6294150948524475,
    0.6315422058105469,
    0.617071270942688,
    0.6167740821838379,
    0.6232053637504578,
    0.6088680624961853,
    0.6344499588012695,
    0.6221259236335754,
    0.6281905770301819,
    0.6139392852783203,
    0.6330816149711609,
    0.6183473467826843,
    0.6221710443496704,
    0.6296710968017578,
    0.6338368654251099,
    0.648684024810791,
    0.6431061625480652
  ],
  "lr": [
    2e-05,
    4e-05,
    6e-05,
    8e-05,
    0.0001,
    0.0001,
    9.997266286704631e-05,
    9.989068136093873e-05,
    9.975414512725057e-05,
    9.956320346634876e-05,
    9.931806517013612e-05,
    9.901899829374047e-05,
    9.86663298624003e-05,
    9.826044551386744e-05,
    9.780178907671789e-05,
    9.729086208503174e-05,
    9.672822322997305e-05,
    9.611448774886924e-05,
    9.545032675245813e-05,
    9.473646649103818e-05,
    9.397368756032445e-05,
    9.31628240478787e-05,
    9.230476262104677e-05,
    9.140044155740101e-05,
    9.045084971874738e-05,
    8.945702546981969e-05,
    8.842005554284296e-05,
    8.73410738492077e-05,
    8.622126023955446e-05,
    8.506183921362443e-05,
    8.386407858128706e-05,
    8.262928807620843e-05,
    8.135881792367686e-05,
    8.005405736415126e-05,
    7.871643313414718e-05,
    7.734740790612136e-05,
    7.594847868906076e-05,
    7.45211751915254e-05,
    7.30670581489344e-05,
    7.158771761692464e-05,
    7.008477123264848e-05,
    6.855986244591104e-05,
    6.701465872208215e-05,
    6.545084971874738e-05
  ]
}