{
  "active_site": {
    "baseline_mean": 4.49892271868554,
    "baseline_std": 0.37974188156198185,
    "alcas_mean": 6.313614874447057,
    "alcas_std": 0.3626007630846808,
    "improvement": 1.8146921557615174,
    "t_statistic": 24.193340815930334,
    "p_value": 4.0895552414064415e-43
  },
  "allosteric": {
    "baseline_mean": 5.735631693622258,
    "baseline_std": 0.4584056161510242,
    "alcas_mean": 6.650535894050409,
    "alcas_std": 0.49878686176762993,
    "improvement": 0.9149042004281513,
    "t_statistic": 9.453731342997404,
    "p_value": 1.856772436582929e-15
  }
}